,cid,drug_name,smiles
0,9863776,(5z)-7-oxozeaenol,CC1CC=CC(=O)C(C(CC=CC2=C(C(=CC(=C2)OC)O)C(=O)O1)O)O
1,3385,5-fluorouracil,C1=C(C(=O)NC(=O)N1)F
2,10172943,a-443654,CC1=C2C=C(C=CC2=NN1)C3=CC(=CN=C3)OCC(CC4=CNC5=CC=CC=C54)N
3,9549184,a-770041,CC(=O)N1CCN(CC1)C2CCC(CC2)N3C4=NC=NC(=C4C(=N3)C5=CC(=C(C=C5)NC(=O)C6=CC7=CC=CC=C7N6C)OC)N
4,11228183,abt737,CN(C)CCC(CSC1=CC=CC=C1)NC2=C(C=C(C=C2)S(=O)(=O)NC(=O)C3=CC=C(C=C3)N4CCN(CC4)CC5=CC=CC=C5C6=CC=C(C=C6)Cl)[N+](=O)[O-]
5,10184653,afatinib,CN(C)CC=CC(=O)NC1=C(C=C2C(=C1)C(=NC=N2)NC3=CC(=C(C=C3)F)Cl)OC4CCOC4
6,65110,aica ribonucleotide,C1=NC(=C(N1C2C(C(C(O2)COP(=O)(O)O)O)O)N)C(=O)N
7,24771867,alisertib,COC1=C(C(=CC=C1)F)C2=NCC3=CN=C(N=C3C4=C2C=C(C=C4)Cl)NC5=CC(=C(C=C5)C(=O)O)OC
8,56649450,alpelisib,CC1=C(SC(=N1)NC(=O)N2CCCC2C(=O)N)C3=CC(=NC=C3)C(C)(C)C(F)(F)F
9,11282283,amuvatinib,C1CN(CCN1C2=NC=NC3=C2OC4=CC=CC=C43)C(=S)NCC5=CC6=C(C=C5)OCO6
10,25254071,apitolisib,CC1=C(SC2=C1N=C(N=C2N3CCOCC3)C4=CN=C(N=C4)N)CN5CCN(CC5)C(=O)C(C)O
11,10109823,as601245,C1=CC=C2C(=C1)N=C(S2)C(C#N)C3=NC(=NC=C3)NCCC4=CN=CC=C4
12,5289247,as605240,C1=CC2=NC=CN=C2C=C1C=C3C(=O)NC(=O)S3
13,11338033,at-7519,C1CNCCC1NC(=O)C2=C(C=NN2)NC(=O)C3=C(C=CC=C3Cl)Cl
14,11175137,at7867,C1CNCCC1(C2=CC=C(C=C2)C3=CNN=C3)C4=CC=C(C=C4)Cl
15,6450551,axitinib,CNC(=O)C1=CC=CC=C1SC2=CC3=C(C=C2)C(=NN3)C=CC4=CC=CC=N4
16,11676786,az628,CC1=C(C=C(C=C1)NC(=O)C2=CC(=CC=C2)C(C)(C)C#N)NC3=CC4=C(C=C3)N=CN(C4=O)C
17,58423153,azd1208,C1CC(CN(C1)C2=C(C=CC=C2C3=CC=CC=C3)C=C4C(=O)NC(=O)S4)N
18,25262792,azd2014,CC1COCCN1C2=NC(=NC3=C2C=CC(=N3)C4=CC(=CC=C4)C(=O)NC)N5CCOCC5C
19,51039095,azd4547,CC1CN(CC(N1)C)C2=CC=C(C=C2)C(=O)NC3=NNC(=C3)CCC4=CC(=CC(=C4)OC)OC
20,25227436,azd5363,C1CN(CCC1(C(=O)NC(CCO)C2=CC=C(C=C2)Cl)N)C3=NC=NC4=C3C=CN4
21,49847690,azd5582,CC(C(=O)NC(C1CCCCC1)C(=O)N2CCCC2C(=O)NC3C(CC4=CC=CC=C34)OCC#CC#CCOC5CC6=CC=CC=C6C5NC(=O)C7CCCN7C(=O)C(C8CCCCC8)NC(=O)C(C)NC)NC
22,44137675,azd6482,CC1=CN2C(=O)C=C(N=C2C(=C1)C(C)NC3=CC=CC=C3C(=O)O)N4CCOCC4
23,11152667,azd7762,C1CC(CNC1)NC(=O)C2=C(C=C(S2)C3=CC(=CC=C3)F)NC(=O)N
24,25262965,azd8055,CC1COCCN1C2=NC(=NC3=C2C=CC(=N3)C4=CC(=C(C=C4)OC)CO)N5CCOCC5C
25,11488320,azd8931,CNC(=O)CN1CCC(CC1)OC2=C(C=C3C(=C2)C(=NC=N3)NC4=C(C(=CC=C4)Cl)F)OC
26,6918638,belinostat,C1=CC=C(C=C1)NS(=O)(=O)C2=CC=CC(=C2)C=CC(=O)NO
27,82146,bexarotene,CC1=CC2=C(C=C1C(=C)C3=CC=C(C=C3)C(=O)O)C(CCC2(C)C)(C)C
28,11364421,bi-2536,CCC1C(=O)N(C2=CN=C(N=C2N1C3CCCC3)NC4=C(C=C(C=C4)C(=O)NC5CCN(CC5)C)OC)C
29,387447,bortezomib,B(C(CC(C)C)NC(=O)C(CC1=CC=CC=C1)NC(=O)C2=NC=CN=C2)(O)O
30,5328940,bosutinib,CN1CCN(CC1)CCCOC2=C(C=C3C(=C2)N=CC(=C3NC4=CC(=C(C=C4Cl)Cl)OC)C#N)OC
31,5280757,bryostatin 1,CCCC=CC=CC(=O)OC1C(=CC(=O)OC)CC2CC(OC(=O)CC(CC3CC(C(C(O3)(CC4CC(=CC(=O)OC)CC(O4)C=CC(C1(O2)O)(C)C)O)(C)C)OC(=O)C)O)C(C)O
32,16654980,buparlisib,C1COCCN1C2=NC(=NC(=C2)C3=CN=C(C=C3C(F)(F)F)N)N4CCOCC4
33,4248455,c-75,CCCCCCCCC1C(C(=C)C(=O)O1)C(=O)O
34,25102847,cabozantinib,COC1=CC2=C(C=CN=C2C=C1OC)OC3=CC=C(C=C3)NC(=O)C4(CC4)C(=O)NC5=CC=C(C=C5)F
35,24360,camptothecin,CCC1(C2=C(COC1=O)C(=O)N3CC4=CC5=CC=CC=C5N=C4C3=C2)O
36,9933475,cediranib,CC1=CC2=C(N1)C=CC(=C2F)OC3=NC=NC4=CC(=C(C=C43)OC)OCCCN5CCCC5
37,6918454,ci-1040,C1CC1CONC(=O)C2=C(C(=C(C=C2)F)F)NC3=C(C=C(C=C3)I)Cl
38,11626560,crizotinib,CC(C1=C(C=CC(=C1Cl)F)Cl)OC2=C(N=CC(=C2)C3=CN(N=C3)C4CCNCC4)N
39,44462760,dabrafenib,CC(C)(C)C1=NC(=C(S1)C2=NC(=NC=C2)N)C3=C(C(=CC=C3)NS(=O)(=O)C4=C(C=CC=C4F)F)F
40,6445533,dacinostat,C1=CC=C2C(=C1)C(=CN2)CCN(CCO)CC3=CC=C(C=C3)C=CC(=O)NO
41,457193,dactinomycin,CC1C(C(=O)NC(C(=O)N2CCCC2C(=O)N(CC(=O)N(C(C(=O)O1)C(C)C)C)C)C(C)C)NC(=O)C3=C4C(=C(C=C3)C)OC5=C(C(=O)C(=C(C5=N4)C(=O)NC6C(OC(=O)C(N(C(=O)CN(C(=O)C7CCCN7C(=O)C(NC6=O)C(C)C)C)C)C(C)C)C)N)C
42,11977753,dactolisib,CC(C)(C#N)C1=CC=C(C=C1)N2C3=C4C=C(C=CC4=NC=C3N(C2=O)C)C5=CC6=CC=CC=C6N=C5
43,3062316,dasatinib,CC1=C(C(=CC=C1)Cl)NC(=O)C2=CN=C(S2)NC3=CC(=NC(=N3)C)N4CCN(CC4)CCO
44,46926350,dinaciclib,CCC1=C2N=C(C=C(N2N=C1)NCC3=C[N+](=CC=C3)[O-])N4CCCCC4CCO
45,156422,doramapimod,CC1=CC=C(C=C1)N2C(=CC(=N2)C(C)(C)C)NC(=O)NC3=CC=C(C4=CC=CC=C43)OCCN5CCOCC5
46,31703,doxorubicin,CC1C(C(CC(O1)OC2CC(CC3=C2C(=C4C(=C3O)C(=O)C5=C(C4=O)C(=CC=C5)OC)O)(C(=O)CO)O)N)O
47,3218,embelin,CCCCCCCCCCCC1=C(C(=O)C=C(C1=O)O)O
48,4261,entinostat,C1=CC=C(C(=C1)N)NC(=O)C2=CC=C(C=C2)CNC(=O)OCC3=CN=CC=C3
49,59473233,entospletinib,C1COCCN1C2=CC=C(C=C2)NC3=NC(=CN4C3=NC=C4)C5=CC6=C(C=C5)C=NN6
50,41867,epirubicin,CC1C(C(CC(O1)OC2CC(CC3=C2C(=C4C(=C3O)C(=O)C5=C(C4=O)C(=CC=C5)OC)O)(C(=O)CO)O)N)O
51,176870,erlotinib,COCCOC1=C(C=C2C(=C1)C(=NC=N2)NC3=CC=CC(=C3)C#C)OCCOC
52,36462,etoposide,CC1OCC2C(O1)C(C(C(O2)OC3C4COC(=O)C4C(C5=CC6=C(C=C35)OCO6)C7=CC(=C(C(=C7)OC)O)OC)O)O
53,16722836,fedratinib,CC1=CN=C(N=C1NC2=CC(=CC=C2)S(=O)(=O)NC(C)(C)C)NC3=CC=C(C=C3)OCCN4CCCC4
54,5287969,flavopiridol,CN1CCC(C(C1)O)C2=C(C=C(C3=C2OC(=CC3=O)C4=CC=CC=C4Cl)O)O
55,657237,fludarabine,C1=NC2=C(N=C(N=C2N1C3C(C(C(O3)CO)O)O)F)N
56,42642645,foretinib,COC1=CC2=C(C=CN=C2C=C1OCCCN3CCOCC3)OC4=C(C=C(C=C4)NC(=O)C5(CC5)C(=O)NC6=CC=C(C=C6)F)F
57,11493598,fr-180204,C1=CC=C(C=C1)C2=NN3C=CC=CC3=C2C4=CC5=C(NN=C5N=N4)N
58,107969,fty-720,CCCCCCCCC1=CC=C(C=C1)CCC(CO)(CO)N.Cl
59,104741,fulvestrant,CC12CCC3C(C1CCC2O)C(CC4=C3C=CC(=C4)O)CCCCCCCCCS(=O)CCCC(C(F)(F)F)(F)F
60,123631,gefitinib,COC1=C(C=C2C(=C1)N=CN=C2NC3=CC(=C(C=C3)F)Cl)OCCCN4CCOCC4
61,23582824,gsk1059615,C1=CC2=NC=CC(=C2C=C1C=C3C(=O)NC(=O)S3)C4=CC=NC=C4
62,46885626,gsk1070916,CCN1C=C(C(=N1)C2=CC=C(C=C2)NC(=O)N(C)C)C3=C4C=C(NC4=NC=C3)C5=CC=CC(=C5)CN(C)C
63,16725726,gsk690693,CCN1C2=C(C(=NC=C2OCC3CCCNC3)C#CC(C)(C)O)N=C1C4=NON=C4N
64,11617559,gw-2580,COC1=CC=C(C=C1)COC2=C(C=C(C=C2)CC3=CN=C(N=C3N)N)OC
65,9908783,ic-87114,CC1=C2C(=CC=C1)N=C(N(C2=O)C3=CC=CC=C3C)CN4C=NC5=C(N=CN=C54)N
66,11625818,idelalisib,CCC(C1=NC2=C(C(=CC=C2)F)C(=O)N1C3=CC=CC=C3)NC4=NC=NC5=C4NC=N5
67,5291,imatinib,CC1=C(C=C(C=C1)NC(=O)C2=CC=C(C=C2)CN3CCN(CC3)C)NC4=NC=CC(=N4)C5=CN=CC=C5
68,24788740,ipatasertib,CC1CC(C2=C1C(=NC=N2)N3CCN(CC3)C(=O)C(CNC(C)C)C4=CC=C(C=C4)Cl)O
69,11624601,jnk inhibitor viii,CCOC1=C(C(=CC(=N1)NC(=O)CC2=C(C=CC(=C2)OC)OC)N)C#N
70,46907787,jq1,CC1=C(SC2=C1C(=NC(C3=NN=C(N32)C)CC(=O)OC(C)(C)C)C4=CC=C(C=C4)Cl)C
71,208908,lapatinib,CS(=O)(=O)CCNCC1=CC=C(O1)C2=CC3=C(C=C2)N=CN=C3NC4=CC(=C(C=C4)OCC5=CC(=CC=C5)F)Cl
72,25195294,ldn-193189,C1CN(CCN1)C2=CC=C(C=C2)C3=CN4C(=C(C=N4)C5=CC=NC6=CC=CC=C56)N=C3
73,3899,leflunomide,CC1=C(C=NO1)C(=O)NC2=CC=C(C=C2)C(F)(F)F
74,216326,lenalidomide,C1CC(=O)NC(=O)C1N2CC3=C(C2=O)C=CC=C3N
75,126565,lestaurtinib,CC12C(CC(O1)N3C4=CC=CC=C4C5=C6C(=C7C8=CC=CC=C8N2C7=C53)CNC6=O)(CO)O
76,11485656,linifanib,CC1=CC(=C(C=C1)F)NC(=O)NC2=CC=C(C=C2)C3=C4C(=CC=C3)NN=C4N
77,10074640,masitinib,CC1=C(C=C(C=C1)NC(=O)C2=CC=C(C=C2)CN3CCN(CC3)C)NC4=NC(=CS4)C5=CN=CC=C5
78,126941,methotrexate,CN(CC1=CN=C2C(=N1)C(=NC(=N2)N)N)C3=CC=C(C=C3)C(=O)NC(CCC(=O)O)C(=O)O
79,9829523,midostaurin,CC12C(C(CC(O1)N3C4=CC=CC=C4C5=C6C(=C7C8=CC=CC=C8N2C7=C53)CNC6=O)N(C)C(=O)C9=CC=CC=C9)OC
80,5746,mitomycin-c,CC1=C(C(=O)C2=C(C1=O)N3CC4C(C3(C2COC(=O)N)OC)N4)N
81,4212,mitoxantrone,C1=CC(=C2C(=C1NCCNCCO)C(=O)C3=C(C=CC(=C3C2=O)O)O)NCCNCCO
82,24856436,mk-1775,CC(C)(C1=NC(=CC=C1)N2C3=NC(=NC=C3C(=O)N2CC=C)NC4=CC=C(C=C4)N5CCN(CC5)C)O
83,24964624,mk-2206,C1CC(C1)(C2=CC=C(C=C2)C3=C(C=C4C(=N3)C=CN5C4=NNC5=O)C6=CC=CC=C6)N
84,11667893,motesanib,CC1(CNC2=C1C=CC(=C2)NC(=O)C3=C(N=CC=C3)NCC4=CC=NC=C4)C
85,24978538,navitoclax,CC1(CCC(=C(C1)CN2CCN(CC2)C3=CC=C(C=C3)C(=O)NS(=O)(=O)C4=CC(=C(C=C4)NC(CCN5CCOCC5)CSC6=CC=CC=C6)S(=O)(=O)C(F)(F)F)C7=CC=C(C=C7)Cl)C
86,53340664,ng-25,CCN1CCN(CC1)CC2=C(C=C(C=C2)NC(=O)C3=CC(=C(C=C3)C)OC4=C5C=CNC5=NC=C4)C(F)(F)F
87,644241,nilotinib,CC1=C(C=C(C=C1)C(=O)NC2=CC(=CC(=C2)C(F)(F)F)N3C=C(N=C3)C)NC4=NC=CC(=N4)C5=CN=CC=C5
88,24958200,niraparib,C1CC(CNC1)C2=CC=C(C=C2)N3C=C4C=CC=C(C4=N3)C(=O)N
89,16038120,nvp-tae684,CC(C)S(=O)(=O)C1=CC=CC=C1NC2=NC(=NC=C2Cl)NC3=C(C=C(C=C3)N4CCC(CC4)N5CCN(CC5)C)OC
90,23725625,olaparib,C1CC1C(=O)N2CCN(CC2)C(=O)C3=C(C=CC(=C3)CC4=NNC(=O)C5=CC=CC=C54)F
91,25167777,omipalisib,COC1=C(C=C(C=N1)C2=CC3=C(C=CN=C3C=C2)C4=CN=NC=C4)NS(=O)(=O)C5=C(C=C(C=C5)F)F
92,9868037,osi-930,C1=CC=C2C(=C1)C(=CC=N2)CNC3=C(SC=C3)C(=O)NC4=CC=C(C=C4)OC(F)(F)F
93,36314,paclitaxel,CC1=C2C(C(=O)C3(C(CC4C(C3C(C(C2(C)C)(CC1OC(=O)C(C(C5=CC=CC=C5)NC(=O)C6=CC=CC=C6)O)O)OC(=O)C7=CC=CC=C7)(CO4)OC(=O)C)O)C)OC(=O)C
94,5330286,palbociclib,CC1=C(C(=O)N(C2=NC(=NC=C12)NC3=NC=C(C=C3)N4CCNCC4)C5CCCC5)C(=O)C
95,6918837,panobinostat,CC1=C(C2=CC=CC=C2N1)CCNCC3=CC=C(C=C3)C=CC(=O)NO
96,7251185,parthenolide,CC1=CCCC2(C(O2)C3C(CC1)C(=C)C(=O)O3)C
97,10113978,pazopanib,CC1=C(C=C(C=C1)NC2=NC=CC(=N2)N(C)C3=CC4=NN(C(=C4C=C3)C)C)S(=O)(=O)N
98,9826528,pd0325901,C1=CC(=C(C=C1I)F)NC2=C(C=CC(=C2F)F)C(=O)NOCC(CO)O
99,1401,pd173074,CCN(CC)CCCCNC1=NC2=NC(=C(C=C2C=N1)C3=CC(=CC(=C3)OC)OC)NC(=O)NC(C)(C)C
100,6445562,pelitinib,CCOC1=C(C=C2C(=C1)N=CC(=C2NC3=CC(=C(C=C3)F)Cl)C#N)NC(=O)C=CCN(C)C
101,16720766,pevonedistat,C1CC2=CC=CC=C2C1NC3=C4C=CN(C4=NC=N3)C5CC(C(C5)O)COS(=O)(=O)N
102,11511120,pf-00299804,COC1=C(C=C2C(=C1)N=CN=C2NC3=CC(=C(C=C3)F)Cl)NC(=O)C=CCN4CCCCC4
103,51371303,pf-4708671,CCC1=CN=CN=C1N2CCN(CC2)CC3=NC4=C(N3)C=C(C=C4)C(F)(F)F
104,11713159,pf-562271,CN(C1=C(C=CC=N1)CNC2=NC(=NC=C2C(F)(F)F)NC3=CC4=C(C=C3)NC(=O)C4)S(=O)(=O)C
105,10461815,pha-665752,CC1=C(NC(=C1C(=O)N2CCCC2CN3CCCC3)C)C=C4C5=C(C=CC(=C5)S(=O)(=O)CC6=C(C=CC=C6Cl)Cl)NC4=O
106,46191454,pha-793887,CC(C)CC(=O)NC1=NNC2=C1CN(C2(C)C)C(=O)C3CCN(CC3)C
107,8249,phenformin,C1=CC=C(C=C1)CCN=C(N)N=C(N)N
108,9884685,pi-103,C1COCCN1C2=NC(=NC3=C2OC4=C3C=CC=N4)C5=CC(=CC=C5)O
109,17755052,pictilisib,CS(=O)(=O)N1CCN(CC1)CC2=CC3=C(S2)C(=NC(=N3)C4=C5C=NNC5=CC=C4)N6CCOCC6
110,6852167,pik-93,CC1=C(SC(=N1)NC(=O)C)C2=CC(=C(C=C2)Cl)S(=O)(=O)NCCO
111,24180719,plx-4720,CCCS(=O)(=O)NC1=C(C(=C(C=C1)F)C(=O)C2=CNC3=C2C=C(C=N3)Cl)F
112,24826799,ponatinib,CC1=C(C=C(C=C1)C(=O)NC2=CC(=C(C=C2)CN3CCN(CC3)C)C(F)(F)F)C#CC4=CN=C5N4N=CC=C5
113,4993,pyrimethamine,CCC1=C(C(=NC(=N1)N)N)C2=CC=C(C=C2)Cl
114,24889392,quizartinib,CC(C)(C)C1=CC(=NO1)NC(=O)NC2=CC=C(C=C2)C3=CN4C5=C(C=C(C=C5)OCCN6CCOCC6)SC4=N3
115,5284616,rapamycin,CC1CCC2CC(C(=CC=CC=CC(CC(C(=O)C(C(C(=CC(C(=O)CC(OC(=O)C3CCCCN3C(=O)C(=O)C1(O2)O)C(C)CC4CCC(C(C4)OC)O)C)C)O)OC)C)C)C)OC
116,44182295,refametinib,COC1=CC(=C(C(=C1NS(=O)(=O)C2(CC2)CC(CO)O)NC3=C(C=C(C=C3)I)F)F)F
117,10302451,saracatinib,CN1CCN(CC1)CCOC2=CC3=C(C(=C2)OC4CCOCC4)C(=NC=N3)NC5=C(C=CC6=C5OCO6)Cl
118,9858940,sb505124,CC1=NC(=CC=C1)C2=C(N=C(N2)C(C)(C)C)C3=CC4=C(C=C3)OCO4
119,24866313,sch772984,C1CN(CC1C(=O)NC2=CC3=C(C=C2)NN=C3C4=CC=NC=C4)CC(=O)N5CCN(CC5)C6=CC=C(C=C6)C7=NC=CC=N7
120,160355,seliciclib,CCC(CO)NC1=NC(=C2C(=N1)N(C=N2)C(C)C)NCC3=CC=CC=C3
121,104842,sn-38,CCC1=C2CN3C(=CC4=C(C3=O)COC(=O)C4(CC)O)C2=NC5=C1C=C(C=C5)O
122,24772860,snx-2112,CC1(CC2=C(C(=O)C1)C(=NN2C3=CC(=C(C=C3)C(=O)N)NC4CCC(CC4)O)C(F)(F)F)C
123,216239,sorafenib,CNC(=O)C1=NC=CC(=C1)OC2=CC=C(C=C2)NC(=O)NC3=CC(=C(C=C3)Cl)C(F)(F)F
124,44259,staurosporine,CC12C(C(CC(O1)N3C4=CC=CC=C4C5=C6C(=C7C8=CC=CC=C8N2C7=C53)CNC6=O)NC)OC
125,9549297,su11274,CC1=C(NC(=C1C(=O)N2CCN(CC2)C)C)C=C3C4=C(C=CC(=C4)S(=O)(=O)N(C)C5=CC(=CC=C5)Cl)NC3=O
126,5329102,sunitinib,CCN(CC)CCNC(=O)C1=C(NC(=C1C)C=C2C3=C(C=CC(=C3)F)NC2=O)C
127,447912,t0901317,C1=CC=C(C=C1)S(=O)(=O)N(CC(F)(F)F)C2=CC=C(C=C2)C(C(F)(F)F)(C(F)(F)F)O
128,9952773,tak-715,CCC1=NC(=C(S1)C2=CC(=NC=C2)NC(=O)C3=CC=CC=C3)C4=CC=CC(=C4)C
129,6505803,tanespimycin,CC1CC(C(C(C=C(C(C(C=CC=C(C(=O)NC2=CC(=O)C(=C(C1)C2=O)NCC=C)C)OC)OC(=O)N)C)C)O)OC
130,51001932,taselisib,CC1=NN(C(=N1)C2=CN3CCOC4=C(C3=N2)C=CC(=C4)C5=CN(N=C5)C(C)(C)C(=O)N)C(C)C
131,5394,temozolomide,CN1C(=O)N2C=NC(=C2N=N1)C(=O)N
132,9911830,tivozanib,CC1=CC(=NO1)NC(=O)NC2=C(C=C(C=C2)OC3=C4C=C(C(=CC4=NC=C3)OC)OC)Cl
133,51358113,torin 2,C1=CC(=CC(=C1)N2C(=O)C=CC3=CN=C4C=CC(=CC4=C32)C5=CN=C(C=C5)N)C(F)(F)F
134,5494449,tozasertib,CC1=CC(=NN1)NC2=CC(=NC(=N2)SC3=CC=C(C=C3)NC(=O)C4CC4)N5CCN(CC5)C
135,9903786,tpca-1,C1=CC(=CC=C1C2=CC(=C(S2)NC(=O)N)C(=O)N)F
136,11707110,trametinib,CC1=C2C(=C(N(C1=O)C)NC3=C(C=C(C=C3)I)F)C(=O)N(C(=O)N2C4=CC=CC(=C4)NC(=O)C)C5CC5
137,444795,tretinoin,CC1=C(C(CCC1)(C)C)C=CC(=CC=CC(=CC(=O)O)C)C
138,444732,trichostatin a,CC(C=C(C)C=CC(=O)NO)C(=O)C1=CC=C(C=C1)N(C)C
139,11455910,tw 37,CC(C)C1=CC=CC=C1CC2=CC(=C(C(=C2O)O)O)C(=O)NC3=CC=C(C=C3)S(=O)(=O)C4=CC=CC=C4C(C)(C)C
140,9549289,tws119,C1=CC(=CC(=C1)N)C2=CC3=C(N2)N=CN=C3OC4=CC=CC(=C4)O
141,11960529,veliparib,CC1(CCCN1)C2=NC3=C(C=CC=C3N2)C(=O)N
142,13342,vinblastine,CCC1(CC2CC(C3=C(CCN(C2)C1)C4=CC=CC=C4N3)(C5=C(C=C6C(=C5)C78CCN9C7C(C=CC9)(C(C(C8N6C)(C(=O)OC)O)OC(=O)C)CC)OC)C(=O)OC)O
143,24776445,vismodegib,CS(=O)(=O)C1=CC(=C(C=C1)C(=O)NC2=CC(=C(C=C2)Cl)C3=CC=CC=N3)Cl
144,5311,vorinostat,C1=CC=C(C=C1)NC(=O)CCCCCCC(=O)NO
145,11634725,vx-11e,CC1=CN=C(N=C1C2=CNC(=C2)C(=O)NC(CO)C3=CC(=CC=C3)Cl)NC4=C(C=C(C=C4)F)Cl
146,10341154,vx-702,C1=CC(=C(C(=C1)F)N(C2=NC(=C(C=C2)C(=O)N)C3=C(C=C(C=C3)F)F)C(=O)N)F
147,10384072,wee1 inhibitor,C1=CC=C(C(=C1)C2=CC3=C(C4=C(N3)C=CC(=C4)O)C5=C2C(=O)NC5=O)Cl
148,71297207,wehi-539,C1CC2=C(C=C(C=C2)C3=NC(=C(S3)CCCOC4=CC=C(C=C4)CN)C(=O)O)C(=NNC5=NC6=CC=CC=C6S5)C1
149,25260757,wye-125132,CNC(=O)NC1=CC=C(C=C1)C2=NC3=C(C=NN3C4CCC5(CC4)OCCO5)C(=N2)N6CC7CCC(C6)O7
150,9910224,zibotentan,CC1=CN=C(C(=N1)OC)NS(=O)(=O)C2=C(N=CC=C2)C3=CC=C(C=C3)C4=NN=CO4
151,68740,zoledronate,C1=CN(C=N1)CC(O)(P(=O)(O)O)P(=O)(O)O
152,11647372,zstk474,C1COCCN1C2=NC(=NC(=N2)N3C4=CC=CC=C4N=C3C(F)F)N5CCOCC5
